CustomerID,Name,Email,Phone,Country,AccountCreationDate
1,Timothy,tylervance@yahoo.com,0537974875691,Australia,2023-10-25
2,Matthew,denise83@castillo-meadows.com,3832519682616,USA,2024-06-29
3,Reginald,turnerryan@bender.org,4050094809803,USA,2023-02-09
4,Jerry,nichole81@newman.org,3887654645059,Canada,2024-10-18
5,Jennifer,jessicaespinoza@taylor.com,1703508261400,Australia,2025-07-21
6,Jennifer,,9135721344958,USA,2022-11-04
7,Jamie,egould@yahoo.com,3290219461488,Australia,2023-02-13
8,Matthew,bjohnson@day-miranda.com,1043376510964,USA,2023-11-25
9,Jonathan,baileynicole@yahoo.com,2029723606495,UK,2025-04-16
10,Amanda,,9128299159918,UK,2022-11-25
11,Hannah,diane77@gmail.com,8153670856371,Canada,2024-12-25
12,Shelby,zdeleon@yahoo.com,2535039542418,UK,2023-10-01
13,Deborah,ryannguyen@wise-bush.com,9073643892274,USA,2024-10-03
14,Jean,,5189513490625,Australia,2023-03-08
15,Peter,douglaswatson@hotmail.com,6045456876526,USA,2024-09-03
16,David,uboyd@buck.com,7354797086192,Canada,2024-07-07
17,Jeremiah,angela77@hotmail.com,8630477058622,India,2025-01-15
18,Justin,wpacheco@martinez.org,0312579533843,UK,2024-03-06
19,Dana,caitlinreyes@hotmail.com,0406689727801,Australia,2023-11-15
20,Bryce,xcruz@obrien.biz,0361601859813,India,2023-02-28
21,Kimberly,parkschristopher@johnson.net,8791345908778,UK,2023-08-29
22,Jason,ostewart@ramirez.net,,Canada,2022-10-12
23,Heidi,cdennis@gmail.com,6434850387683,UK,2023-04-30
24,Morgan,simmonskaren@scott-gaines.com,7790827151972,India,2024-08-08
25,Jennifer,harrissusan@gmail.com,1317780731723,Canada,2025-05-27
26,John,jrodriguez@harris.com,7145969395255,Australia,2022-11-05
27,Nicole,crawfordbilly@vargas.info,5920522902834,USA,2024-02-07
28,Sarah,htorres@yahoo.com,6087408756008,UK,2022-10-20
29,Olivia,fryelaura@gentry.biz,4443024385215,Canada,2024-07-13
30,Ryan,lisaobrien@gomez.com,4201098449085,Canada,2022-10-20
31,Christian,amy40@lawrence.org,3623977947616,Australia,2024-11-24
32,Andrew,jbaker@williams.com,2516009690992,Australia,2025-02-20
33,Danielle,,8755181525241,Canada,2023-08-03
34,John,deanna79@campbell.com,4296585249384,USA,2023-09-25
35,Wyatt,bshannon@jackson.info,6479057738047,India,2025-04-09
36,Dustin,eklein@nunez-knight.com,8841322997889,Australia,2024-08-20
37,Brian,jessicascott@yahoo.com,4659526378270,USA,2023-11-15
38,Michael,nancy53@hotmail.com,,Australia,2023-01-08
39,James,paul18@allison-allen.com,2155593715942,USA,2023-01-24
40,Gabrielle,jake00@gonzalez.com,0450946790291,UK,2023-10-24
41,Anthony,brittanygomez@howard.com,8413931324477,India,2025-07-21
42,Henry,robinsonaustin@hotmail.com,3109313210623,UK,2025-09-26
43,Nicholas,jonestanya@hotmail.com,8100053831188,USA,2024-11-15
44,Christina,michaelcollins@pierce.org,,Australia,2023-02-02
45,Michael,kelly07@yahoo.com,6041576179810,Canada,2023-04-29
46,Anne,pamelareed@yahoo.com,8645359546367,Australia,2022-10-10
47,Erin,christopherdavis@gmail.com,4232502811576,India,2023-08-23
48,Erika,mhebert@gmail.com,1382528599792,Canada,2023-01-21
49,Brandy,justinsandoval@yahoo.com,5360176374630,UK,2024-06-03
50,Zachary,danielmoore@white.net,9374163806324,Australia,2023-05-21
51,Brenda,,1120370181576,USA,2025-09-02
52,Rebecca,moorepaula@yahoo.com,6800909959328,Canada,2025-02-23
53,Robert,audrey96@miller-potts.com,0979908625854,Canada,2024-01-08
54,Alison,courtney62@hotmail.com,6208148571620,India,2024-02-27
55,Travis,brownmark@hotmail.com,6370395352795,USA,2024-06-19
56,Tiffany,tiffany68@allen.info,1231160245804,Canada,2025-01-08
57,Eric,michaelmendoza@hotmail.com,4128485167645,USA,2024-06-11
58,Jessica,williamyoung@gmail.com,,UK,2025-08-04
59,Molly,stevenmoore@gmail.com,3001193505201,Australia,2024-05-13
60,Mathew,andrewpayne@hotmail.com,8287681703193,India,2024-09-09
61,Bruce,laurenwest@martin.biz,8112118608658,USA,2025-01-20
62,Jennifer,,4654845707391,India,2025-05-31
63,Matthew,melissa63@wall.com,7404556331549,Australia,2023-10-03
64,Melissa,garnerchase@fischer-ford.org,1868962861268,Australia,2023-06-22
65,Mark,smithlucas@flores-smith.com,8569621805723,USA,2024-10-06
66,Elizabeth,morganpham@arnold.com,4324173365123,USA,2022-12-22
67,Wayne,moliver@gilbert.com,0153457221277,Canada,2023-05-06
68,Sarah,,7606961049365,India,2024-09-08
69,Michael,kparker@brown-jones.info,1687505359125,Australia,2022-12-19
70,Amanda,,7535670197723,Australia,2025-07-13
71,Matthew,acoleman@rodriguez.com,7662843659238,USA,2024-02-14
72,Anthony,sgolden@hotmail.com,7122846125907,Canada,2024-10-20
73,Mark,eric78@craig.biz,5918494528728,Canada,2023-08-28
74,William,iedwards@torres.info,8773275595141,India,2025-06-10
75,Andrea,dbowman@burton.com,7629972949792,USA,2025-09-03
76,Adam,xaustin@lewis.info,7538630521899,India,2024-11-16
77,Anthony,jenniferwilliams@gmail.com,2696176316073,UK,2023-02-09
78,Justin,,,India,2025-08-07
79,Sabrina,kirbymichael@love.com,2382666257589,UK,2025-03-12
80,Patricia,danny89@delgado-rodriguez.net,,India,2023-01-22
81,Colleen,ashleyhernandez@watson.net,5375169271268,USA,2024-04-16
82,Kevin,houstonjamie@wilson.org,6013534686962,Australia,2024-06-02
83,Rachel,ocollier@yahoo.com,6404912335441,Canada,2024-03-13
84,Kristen,,7048060141360,India,2023-09-11
85,Jennifer,george37@carlson.com,8524371312570,Australia,2025-02-27
86,Michelle,qyoung@gmail.com,0981788937177,UK,2023-12-27
87,James,hgonzalez@gmail.com,1554470091019,India,2024-10-05
88,Roberto,ymoore@hotmail.com,1550392740422,UK,2024-10-06
89,Monique,,4097383404808,Australia,2024-08-04
90,Brianna,ashley44@wolf.net,1989400086102,Canada,2022-10-15
91,Elizabeth,jennifer50@lopez.com,7113499204609,India,2022-12-22
92,Leslie,rmurillo@yahoo.com,9622585331237,UK,2023-05-16
93,Laura,adamfriedman@strickland-conley.com,1212701665898,Australia,2023-07-03
94,Ryan,,1139203177039,India,2022-10-05
95,Adam,amberjohnson@gray-conner.com,7509916000969,Canada,2023-05-21
96,Douglas,penasteven@gmail.com,,Canada,2023-05-04
97,Philip,davisaaron@yahoo.com,4934736715405,India,2024-08-02
98,Melanie,csmith@gmail.com,4501989510009,India,2024-01-29
99,Michael,,8306153182213,Canada,2025-03-04
100,Mario,richardcampbell@vargas-rodriguez.info,6495136981082,Canada,2023-04-16
